tests,test,1,test,True,test,1,1,1,1
testing,test2,     1,test,False,test,21,1,1,1
test,test, 2,test,True,test,31,1,1,1
tests,testing,,     11,True,1,41,1,1,1
w,test,  12   124,test,False,testasae,51,1,1,1
t,e,    1,s,False,tests,61,1,1,1
hi,test,test,      1,False,test,71,1,1,1
tests,h,test,      1,True,test,81,1,1,1
tests ,h,      1,      11,True,test,91,1,1,1
1,2,         4,3,False,5,101,1,1,1
t,e,    1,        1,False,tests,111,1,1,1
charlie,hatch,1234567891,test,True,this is a largeer scale test,121,1,1,1